date,value
2011-09-01,21300.0
2011-10-01,21300.0
2011-11-01,21300.0
2011-12-01,21300.0
2012-01-01,21300.0
2012-02-01,21300.0
2012-03-01,22993.55
2012-04-01,23730.0
2012-05-01,23754.84
2012-06-01,22326.67
2012-07-01,21274.19
2012-08-01,23158.06
2012-09-01,24150.0
2012-10-01,24150.0
2012-11-01,23816.67
2012-12-01,23650.0
2013-01-01,23650.0
2013-02-01,23650.0
2013-03-01,23830.65
2013-04-01,24454.0
2013-05-01,23830.0
2013-06-01,24104.0
2013-07-01,24832.58
2013-08-01,24973.23
2013-09-01,24770.0
2013-10-01,24455.48
2013-11-01,24213.33
2013-12-01,24391.94
2014-01-01,24710.0
2014-02-01,24795.71
2014-03-01,25085.48
2014-04-01,25253.0
2014-05-01,25400.0
2014-06-01,25488.0
2014-07-01,26018.06
2014-08-01,25170.97
2014-09-01,24313.0
2014-10-01,23589.68
2014-11-01,21838.0
2014-12-01,19920.32
2015-01-01,17545.81
2015-02-01,16270.0
2015-03-01,17360.65
2015-04-01,17880.0
2015-05-01,20042.9
2015-06-01,21142.0
2015-07-01,20911.29
2015-08-01,19656.45
2015-09-01,18278.67
2015-10-01,18705.81
2015-11-01,17903.33
2015-12-01,17330.65
2016-01-01,16518.39
2016-02-01,15063.1
2016-03-01,14687.74
2016-04-01,15570.67
2016-05-01,16290.32
2016-06-01,17007.33
2016-07-01,16430.32
2016-08-01,15734.19
2016-09-01,16735.33
2016-10-01,17248.39
2016-11-01,17377.0
2016-12-01,17687.42
2017-01-01,18290.0
2017-02-01,18486.43
2017-03-01,18479.35
2017-04-01,18069.0
2017-05-01,17928.71
2017-06-01,17704.67
2017-07-01,16956.13
2017-08-01,17854.84
2017-09-01,18566.0
2017-10-01,18755.81
2017-11-01,18974.33
2017-12-01,19280.0
2018-01-01,20133.23
2018-02-01,20322.86
2018-03-01,20025.16
2018-04-01,20396.0
2018-05-01,20991.61
2018-06-01,21408.0
2018-07-01,21170.0
2018-08-01,21170.0
2018-09-01,21520.0
2018-10-01,22202.9
2018-11-01,20886.67
2018-12-01,18585.16
2019-01-01,17600.0
2019-02-01,17600.0
2019-03-01,18509.68
2019-04-01,20540.33
2019-05-01,21868.71
2019-06-01,20706.0
2019-07-01,20846.13
2019-08-01,20641.29
2019-09-01,20185.0
2019-10-01,20909.35
2019-11-01,20636.0
2019-12-01,21023.87
2020-01-01,20895.16
2020-02-01,19702.76
2020-03-01,17441.94
2020-04-01,12152.0
2020-05-01,12112.58
2020-06-01,13846.67
2020-07-01,14970.0
2020-08-01,14968.39
2020-09-01,15023.33
2020-10-01,15041.29
2020-11-01,14888.33
2020-12-01,15881.29
2021-01-01,16847.42
2021-02-01,17385.71
2021-03-01,18621.94
2021-04-01,19021.0
2021-05-01,19398.71
2021-06-01,20075.0
2021-07-01,21455.16
2021-08-01,21573.55
2021-09-01,21422.0
2021-10-01,22852.58
2021-11-01,24574.0
2021-12-01,23230.0
2022-01-01,23856.77
2022-02-01,25251.43
2022-03-01,28631.94
2022-04-01,27844.67
2022-05-01,29631.94
2022-06-01,32216.67
2022-07-01,29389.35
2022-08-01,24963.23
2022-09-01,23464.67
2022-10-01,22020.0
2022-11-01,23463.33
2022-12-01,21554.84
2023-01-01,22191.29
2023-02-01,23402.86
2023-03-01,23343.55
2023-04-01,23657.33
2023-05-01,21710.65
2023-06-01,22010.0
2023-07-01,21966.77
2023-08-01,24196.77
2023-09-01,25124.0
2023-10-01,23815.16
2023-11-01,23582.33
2023-12-01,22178.06
2024-01-01,22401.94
2024-02-01,23859.66
2024-03-01,23999.68
2024-04-01,24982.67
2024-05-01,23669.03
2024-06-01,22373.67
2024-07-01,23201.94
2024-08-01,21784.19
2024-09-01,20280.67
2024-10-01,20664.19
2024-11-01,20665.67
2024-12-01,20742.9
2025-01-01,21022.26
2025-02-01,21087.86
2025-03-01,20273.87
2025-04-01,19699.0
2025-05-01,19482.9
2025-06-01,20399.0
2025-07-01,20008.06
2025-08-01,19864.19
2025-09-01,20404.0
2025-10-01,19909.03
2025-11-01,20230.0
2025-12-01,19619.68
2026-01-01,18715.81
2026-02-01,19185.36
2026-03-01,25902.26
2026-04-01,24176.67
2026-05-01,24413.55
2026-06-01,21596.33
2026-07-01,20762.26
