ym,gas_end,gas_avg,lgas_end,dlgas_end
2011-09-01,21300,21300,9.966462351697517,NA
2011-10-01,21300,21300,9.966462351697517,0
2011-11-01,21300,21300,9.966462351697517,0
2011-12-01,21300,21300,9.966462351697517,0
2012-01-01,21300,21300,9.966462351697517,0
2012-02-01,21300,21300,9.966462351697517,0
2012-03-01,23400,22993.548387096773,10.060491301345794,9.402894964827624
2012-04-01,24300,23730,10.09823162932864,3.7740327982845656
2012-05-01,23200,23754.83870967742,10.0519075576544,-4.632407167423835
2012-06-01,21700,22326.666666666668,9.98506753952855,-6.6840018125850165
2012-07-01,21500,21274.1935483871,9.975808214115753,-0.9259325412797281
2012-08-01,24150,23158.064516129034,10.092039659080719,11.62314449649653
2012-09-01,24150,24150,10.092039659080719,0
2012-10-01,24150,24150,10.092039659080719,0
2012-11-01,23650,23816.666666666668,10.071118393920079,-2.0921265160639635
2012-12-01,23650,23650,10.071118393920079,0
2013-01-01,23650,23650,10.071118393920079,0
2013-02-01,23650,23650,10.071118393920079,0
2013-03-01,25050,23830.645161290322,10.12862910651301,5.751071259293106
2013-04-01,23830,24454,10.078700570092789,-4.992853642022155
2013-05-01,23830,23830,10.078700570092789,0
2013-06-01,24610,24104,10.110908143385101,3.220757329231283
2013-07-01,25070,24832.58064516129,10.12942719115234,1.8519047767238561
2013-08-01,24770,24973.225806451614,10.117388522483406,-1.2038668668933994
2013-09-01,24770,24770,10.117388522483406,0
2013-10-01,24380,24455.483870967742,10.101518403035262,-1.5870119448143427
2013-11-01,24130,24213.333333333332,10.091211158619078,-1.0307244416184247
2013-12-01,24710,24391.935483870966,10.114963298982655,2.3752140363576757
2014-01-01,24710,24710,10.114963298982655,0
2014-02-01,25010,24795.714285714286,10.127031023871664,1.2067724889009313
2014-03-01,25190,25085.483870967742,10.134202369346657,0.7171345474992208
2014-04-01,25400,25253,10.142504453006628,0.8302083659971871
2014-05-01,25400,25400,10.142504453006628,0
2014-06-01,25730,25488,10.15541290527579,1.290845226916204
2014-07-01,25810,26018.064516129034,10.15851729271266,0.3104387436868805
2014-08-01,24340,25170.967741935485,10.099876366541519,-5.864092617114025
2014-09-01,24160,24313,10.092453652048752,-0.7422714492767213
2014-10-01,22940,23589.677419354837,10.040637390683361,-5.18162613653903
2014-11-01,20850,21838,9.945109227226947,-9.552816345641446
2014-12-01,18480,19920.322580645163,9.824444345195674,-12.066488203127257
2015-01-01,16270,17545.8064516129,9.697078200213083,-12.736614498259158
2015-02-01,16270,16270,9.697078200213083,0
2015-03-01,17880,17360.645161290322,9.791438048727505,9.435984851442214
2015-04-01,17880,17880,9.791438048727505,0
2015-05-01,21030,20042.90322580645,9.953705268696746,16.2267219969241
2015-06-01,21310,21142,9.966931725092662,1.322645639591613
2015-07-01,20720,20911.290322580644,9.938854696373419,-2.8077028719243557
2015-08-01,19130,19656.451612903227,9.859013062434299,-7.984163393911992
2015-09-01,18550,18278.666666666668,9.82822506803558,-3.0787994398718155
2015-10-01,18700,18705.8064516129,9.836278802842678,0.8053734807097257
2015-11-01,17750,17903.333333333332,9.784140794903562,-5.213800793911538
2015-12-01,17100,17330.645161290322,9.746833742490752,-3.7307052412810293
2016-01-01,16140,16518.387096774193,9.68905594182394,-5.7777800666812595
2016-02-01,14450,15063.103448275862,9.578449693540579,-11.060624828336074
2016-03-01,15120,14687.741935483871,9.623773649733524,4.532395619294505
2016-04-01,15640,15570.666666666666,9.657587014099303,3.3813364365778753
2016-05-01,16520,16290.322580645161,9.71232704707497,5.474003297566732
2016-06-01,16860,17007.333333333332,9.732699231555847,2.0372184480876854
2016-07-01,16000,16430.322580645163,9.680344001221918,-5.23552303339283
2016-08-01,16070,15734.193548387097,9.684709458731557,0.43654575096390147
2016-09-01,16930,16735.333333333332,9.736842475127181,5.2133016395623955
2016-10-01,17540,17248.387096774193,9.772239265926174,3.539679079899294
2016-11-01,17070,17377,9.745077815788486,-2.7161450137688448
2016-12-01,18290,17687.41935483871,9.814109741384911,6.9031925596425125
2017-01-01,18290,18290,9.814109741384911,0
2017-02-01,18790,18486.428571428572,9.84108009240751,2.6970351022599814
2017-03-01,18010,18479.354838709678,9.798682438170001,-4.239765423750974
2017-04-01,18280,18069,9.813562845008141,1.4880406838139848
2017-05-01,17760,17928.709677419356,9.784704016546161,-2.8858828461979513
2017-06-01,17200,17704.666666666668,9.752664662801545,-3.203935374461686
2017-07-01,17120,16956.129032258064,9.748002649695733,-0.4662013105811269
2017-08-01,18180,17854.83870967742,9.80807736773147,6.007471803573594
2017-09-01,18810,18566,9.842143922295076,3.4066554563606743
2017-10-01,18570,18755.8064516129,9.829302654346751,-1.2841267948324742
2017-11-01,19280,18974.333333333332,9.866823568164536,3.7520913817784773
2017-12-01,19280,19280,9.866823568164536,0
2018-01-01,20380,20133.225806451614,9.922309306776716,5.548573861218031
2018-02-01,20180,20322.85714285714,9.9124472939076,-0.9862012869115588
2018-03-01,19980,20025.16129032258,9.902487052202545,-0.9960241705055495
2018-04-01,20500,20396,9.9281801651265,2.569311292395504
2018-05-01,21510,20991.612903225807,9.976273222261776,4.8093057135275785
2018-06-01,21170,21408,9.96034036412891,-1.593285813286549
2018-07-01,21170,21170,9.96034036412891,0
2018-08-01,21170,21170,9.96034036412891,0
2018-09-01,21770,21520,9.988288154228593,2.7947790099682734
2018-10-01,22200,22202.90322580645,10.00784756786037,1.9559413631776934
2018-11-01,19970,20886.666666666668,9.901986426409861,-10.586114145050907
2018-12-01,18140,18585.16129032258,9.805874723669127,-9.611170274073366
2019-01-01,17600,17600,9.775654181026242,-3.0220542642885206
2019-02-01,17600,17600,9.775654181026242,0
2019-03-01,18540,18509.677419354837,9.827685839119846,5.203165809360399
2019-04-01,21230,20540.333333333332,9.963170554697301,13.5484715577455
2019-05-01,21590,21868.709677419356,9.979985523508853,1.6814968811551978
2019-06-01,20130,20706,9.909966518633837,-7.001900487501622
2019-07-01,21230,20846.129032258064,9.963170554697301,5.320403606346424
2019-08-01,20230,20641.290322580644,9.91492193016179,-4.824862453551049
2019-09-01,20140,20185,9.910463166272553,-0.44587638892377157
2019-10-01,20440,20909.354838709678,9.92524904431764,1.478587804508713
2019-11-01,21070,20636,9.955605506798234,3.035646248059365
2019-12-01,20990,21023.870967741936,9.951801412814678,-0.3804093983555745
2020-01-01,20120,20895.16129032258,9.909469624213676,-4.233178860100217
2020-02-01,19120,19702.758620689656,9.858490186605392,-5.097943760828372
2020-03-01,12560,17441.935483870966,9.438272440022189,-42.02177465832033
2020-04-01,11630,12152,9.36134324551271,-7.692919450947855
2020-05-01,13120,12112.58064516129,9.48189306249808,12.054981698537048
2020-06-01,14970,13846.666666666666,9.613803477413674,13.191041491559297
2020-07-01,14970,14970,9.613803477413674,0
2020-08-01,15110,14968.387096774193,9.623112055266786,0.9308577853111899
2020-09-01,14980,15023.333333333334,9.61447125707121,-0.8640798195575172
2020-10-01,14940,15041.290322580646,9.611797458686809,-0.26737983844018487
2020-11-01,15350,14888.333333333334,9.638870753015343,2.707329432853456
2020-12-01,16470,15881.290322580646,9.709295823171686,7.042507015634314
2021-01-01,17270,16847.41935483871,9.756726171140725,4.743034796903878
2021-02-01,18080,17385.714285714286,9.802561633946167,4.583546280544226
2021-03-01,19040,18621.935483870966,9.854297308345357,5.173567439918969
2021-04-01,19160,19021,9.86058005152485,0.6282743179493622
2021-05-01,19530,19398.709677419356,9.879707023870724,1.9126972345873128
2021-06-01,20910,20075,9.94798279242268,6.827576855195616
2021-07-01,21680,21455.16129032258,9.984145455553582,3.6162663130902217
2021-08-01,21130,21573.548387096773,9.958449110610102,-2.5696344943479943
2021-09-01,21940,21422,9.99606673382922,3.76176232191181
2021-10-01,24330,22852.58064516129,10.099465435777569,10.339870194834866
2021-11-01,23900,24574,10.081633737919603,-1.7831697857966233
2021-12-01,23290,23230,10.055779362878386,-2.585437504121657
2022-01-01,24360,23856.774193548386,10.100697721823833,4.491835894544671
2022-02-01,26280,25251.428571428572,10.176563472598547,7.58657507747138
2022-03-01,29190,28631.935483870966,10.28158146384816,10.501799124961408
2022-04-01,27990,27844.666666666668,10.2396025825095,-4.197888133866101
2022-05-01,30650,29631.935483870966,10.330387941364357,9.078535885485728
2022-06-01,32870,32216.666666666668,10.400315666658265,6.992772529390834
2022-07-01,26070,29389.354838709678,10.168540506927547,-23.177515973071827
2022-08-01,24660,24963.225806451614,10.112937776718335,-5.560273020921258
2022-09-01,22680,23464.666666666668,10.029238757841688,-8.36990188766471
2022-10-01,22340,22020,10.014134072623191,-1.5104685218496172
2022-11-01,23780,23463.333333333332,10.076600170244772,6.246609762158073
2022-12-01,20700,21554.83870967742,9.93788897925346,-13.871119099131235
2023-01-01,23140,22191.290322580644,10.049318000747668,11.142902149420841
2023-02-01,23440,23402.85714285714,10.06219924369095,1.2881242943281634
2023-03-01,23030,23343.548387096773,10.044552992814731,-1.7646250876218517
2023-04-01,23630,23657.333333333332,10.070272370180954,2.571937736622232
2023-05-01,21490,21710.645161290322,9.975342989636555,-9.492938054439826
2023-06-01,22010,22010,9.999252174520507,2.390918488395144
2023-07-01,22790,21966.774193548386,10.03407712223973,3.482494771922262
2023-08-01,24600,24196.774193548386,10.110501721920453,7.6424599680724015
2023-09-01,25740,25124,10.155801481150117,4.5299759229664005
2023-10-01,23610,23815.16129032258,10.069425630079559,-8.637585107055834
2023-11-01,22990,23582.333333333332,10.042814617757227,-2.661101232233243
2023-12-01,22140,22178.064516129034,10.005141206262628,-3.767341149459824
2024-01-01,23400,22401.935483870966,10.060491301345794,5.535009508316513
2024-02-01,23920,23859.655172413793,10.082470208064567,2.197890671877367
2024-03-01,25220,23999.677419354837,10.135392609518911,5.292240145434413
2024-04-01,24910,24982.666666666668,10.123024608256227,-1.2368001262684558
2024-05-01,22510,23669.032258064515,10.021714933900778,-10.130967435544846
2024-06-01,23010,22373.666666666668,10.043684183029411,2.196924912863274
2024-07-01,22880,23201.935483870966,10.038018445493734,-0.5665737535677451
2024-08-01,21100,21784.1935483871,9.957028319464158,-8.0990126029576
2024-09-01,20510,20280.666666666668,9.928667851066427,-2.8360468397730543
2024-10-01,20600,20664.1935483871,9.933046354777673,0.437850371124604
2024-11-01,20860,20665.666666666668,9.945588728554764,1.2542373777090887
2024-12-01,20640,20742.90322580645,9.9349862195955,-1.0602508959264512
2025-01-01,21140,21022.25806451613,9.958922259424229,2.3936039828729605
2025-02-01,21110,21087.85714285714,9.957502140842367,-0.14201185818620843
2025-03-01,20420,20273.870967741936,9.924270091718656,-3.323204912371125
2025-04-01,19630,19699,9.884814287270506,-3.9455804448149223
2025-05-01,19560,19482.90322580645,9.881241943588808,-0.3572343681698342
2025-06-01,21500,20399,9.975808214115753,9.456627052694522
2025-07-01,19840,20008.064516129034,9.895455380838865,-8.03528332768888
2025-08-01,20360,19864.1935483871,9.921327470664458,2.5872089825593747
2025-09-01,20160,20404,9.911455722185305,-0.9871748479152842
2025-10-01,20120,19909.032258064515,9.909469624213676,-0.1986097971629519
2025-11-01,19650,20230,9.885832617297407,-2.3637006916269243
2025-12-01,18910,19619.677419354837,9.847446161652503,-3.838645564490406
2026-01-01,18840,18715.8064516129,9.843737548130354,-0.3708613522148241
2026-02-01,20150,19185.35714285714,9.91095956737483,6.722201924447546
2026-03-01,24330,25902.25806451613,10.099465435777569,18.85058684027392
2026-04-01,23750,24176.666666666668,10.075337809462788,-2.412762631478138
2026-05-01,24150,24413.548387096773,10.092039659080719,1.6701849617930975
2026-06-01,19910,21596.333333333332,9.898977397058243,-19.3062262022476
2026-07-01,22850,20762.25806451613,10.036706396322352,13.772899926410886
